"","Sequence number","Sequence ID","V-DOMAIN Functionality.x","V-GENE and allele.x","V-REGION identity %","J-GENE and allele.x","J-REGION identity %","D-GENE and allele.x","JUNCTION frame.x","V-DOMAIN Functionality.y","V-GENE and allele.y","J-GENE and allele.y","D-GENE and allele.y","JUNCTION frame.y","JUNCTION","JUNCTION (with frameshift)","CDR3-IMGT","CDR3-IMGT (AA)","JUNCTION (AA)","JUNCTION (AA) (with frameshift)"
"1",1,"D-A10_A09.seq","unproductive (see comment)","Homsap TRDV1*01 F (see comment)",76.3948516845703,"Homsap TRDJ2*01 F","85.71","Homsap TRDD2*01 F and Homsap TRDD3*01 F","in-frame","unproductive","Homsap TRDV1*01 F","Homsap TRDJ2*01 F","Homsap TRDD2*01 F and Homsap TRDD3*01 F","in-frame","tgtgctcttgggaccccggccttcctacctcctttacgcttctacggcgtagcacaactcttcttt",NA,"gctcttgggaccccggccttcctacctcctttacgcttctacggcgtagcacaactcttc","ALGTPAFLPPLRFYGVAQLF","CALGTPAFLPPLRFYGVAQLFF",NA
"2",10,"D-B1_B09.seq","unproductive (see comment)","Homsap TRDV1*01 F (see comment)",82.5870666503906,"Homsap TRDJ1*01 F","97.78","Homsap TRDD2*01 F and Homsap TRDD3*01 F","in-frame","unproductive","Homsap TRDV1*01 F","Homsap TRDJ1*01 F","Homsap TRDD2*01 F and Homsap TRDD3*01 F","in-frame","tgtgctcttggggaaccgtcgccttcctccgggggatacgtgggcaccgataaactcatcttt",NA,"gctcttggggaaccgtcgccttcctccgggggatacgtgggcaccgataaactcatc","ALGEPSPSSGGYVGTDKLI","CALGEPSPSSGGYVGTDKLIF",NA
"3",11,"D-B2_C09.seq","unproductive (see comment)","Homsap TRDV1*01 F (see comment)",79.3969879150391,"Homsap TRDJ1*01 F","95.35","Homsap TRDD1*01 F and Homsap TRDD3*01 F","in-frame","unproductive","Homsap TRDV1*01 F","Homsap TRDJ1*01 F","Homsap TRDD1*01 F and Homsap TRDD3*01 F","in-frame","tgtgctcttgggacaaatccgggtcagagcgcctgggggttaggtggtaccgataaactcatcttt",NA,"gctcttgggacaaatccgggtcagagcgcctgggggttaggtggtaccgataaactcatc","ALGTNPGQSAWGLGGTDKLI","CALGTNPGQSAWGLGGTDKLIF",NA
"4",12,"D-B3_D09.seq","unproductive (see comment)","Homsap TRDV1*01 F (see comment)",71.3615036010742,"Homsap TRDJ1*01 F","93.62","Homsap TRDD2*01 F and Homsap TRDD3*01 F","in-frame","unproductive","Homsap TRDV1*01 F","Homsap TRDJ1*01 F","Homsap TRDD2*01 F and Homsap TRDD3*01 F","in-frame","tgtcctcgtggttcaccttcggtactgggggatacccttaaactcatcttt",NA,"cctcgtggttcaccttcggtactgggggatacccttaaactcatc","PRGSPSVLGDTLKLI","CPRGSPSVLGDTLKLIF",NA
"5",13,"D-B6_E09.seq","unproductive (see comment)","Homsap TRDV1*01 F (see comment)",62.5,"Homsap TRAJ47*01 F, or Homsap TRAJ47*02 (F) (see comment)","66.67",NA,NA,"unproductive","Homsap TRDV1*01 F","Homsap TRAJ47*01 F, or Homsap TRAJ47*02 (F)",NA,NA,NA,NA,NA,NA,NA,NA
"6",14,"D-B9_H09.seq","unproductive (see comment)","Homsap TRDV1*01 F (see comment)",81.2182693481445,"Homsap TRDJ1*01 F","100.00","Homsap TRDD2*01 F and Homsap TRDD3*01 F","in-frame","unproductive","Homsap TRDV1*01 F","Homsap TRDJ1*01 F","Homsap TRDD2*01 F and Homsap TRDD3*01 F","in-frame","tgtgctcttggggggcctccctctggaccttcactgggggcattccgttcgtacaccgataaactcatcttt",NA,"gctcttggggggcctccctctggaccttcactgggggcattccgttcgtacaccgataaactcatc","ALGGPPSGPSLGAFRSYTDKLI","CALGGPPSGPSLGAFRSYTDKLIF",NA
"7",15,"D-C10_H10.seq","unproductive (see comment)","Homsap TRDV1*01 F (see comment)",63.6752128601074,"Homsap TRDJ1*01 F","100.00","Homsap TRDD2*01 F and Homsap TRDD3*01 F","in-frame","unproductive","Homsap TRDV1*01 F","Homsap TRDJ1*01 F","Homsap TRDD2*01 F and Homsap TRDD3*01 F","in-frame","tgtggtcttggggggtgctcactacacccccttaagggggggatatgcagggacaccgataaactcatcttt",NA,"ggtcttggggggtgctcactacacccccttaagggggggatatgcagggacaccgataaactcatc","GLGGCSLHPLKGGICRDTDKLI","CGLGGCSLHPLKGGICRDTDKLIF",NA
"8",16,"D-C1_B10.seq","unproductive (see comment)","Homsap TRDV1*01 F (see comment)",73.3050842285156,"Homsap TRDJ1*01 F","100.00","Homsap TRDD3*01 F","in-frame","unproductive","Homsap TRDV1*01 F","Homsap TRDJ1*01 F","Homsap TRDD3*01 F","in-frame","tgtgctcttggaccactaggatcccctcggtcctgggggggaaacaccgataaactcatcttt",NA,"gctcttggaccactaggatcccctcggtcctgggggggaaacaccgataaactcatc","ALGPLGSPRSWGGNTDKLI","CALGPLGSPRSWGGNTDKLIF",NA
"9",17,"D-C2_C10.seq","unproductive (see comment)","Homsap TRDV1*01 F (see comment)",83.3333282470703,"Homsap TRDJ2*01 F","85.11","Homsap TRDD2*01 F and Homsap TRDD3*01 F","in-frame","unproductive","Homsap TRDV1*01 F","Homsap TRDJ2*01 F","Homsap TRDD2*01 F and Homsap TRDD3*01 F","in-frame","tgtgctcttgggaccccggccttcctacctcctttacgcttctacggcgtagcacaactcttcttt",NA,"gctcttgggaccccggccttcctacctcctttacgcttctacggcgtagcacaactcttc","ALGTPAFLPPLRFYGVAQLF","CALGTPAFLPPLRFYGVAQLFF",NA
"10",18,"D-C3_D10.seq","productive","Homsap TRDV1*01 F (see comment)",82.4120559692383,"Homsap TRDJ1*01 F","100.00","Homsap TRDD2*01 F and Homsap TRDD3*01 F","in-frame","productive","Homsap TRDV1*01 F","Homsap TRDJ1*01 F","Homsap TRDD2*01 F and Homsap TRDD3*01 F","in-frame","tgtgctcttggggggcctccctctggaccttcactgggggcattccgttcgtacaccgataaactcatcttt",NA,"gctcttggggggcctccctctggaccttcactgggggcattccgttcgtacaccgataaactcatc","ALGGPPSGPSLGAFRSYTDKLI","CALGGPPSGPSLGAFRSYTDKLIF",NA
"11",19,"D-C5_E10.seq","unproductive (see comment)","Homsap TRDV1*01 F (see comment)",82.5,"Homsap TRDJ1*01 F","100.00","Homsap TRDD3*01 F","in-frame","unproductive","Homsap TRDV1*01 F","Homsap TRDJ1*01 F","Homsap TRDD3*01 F","in-frame","tgtgctcttggaccactaggatcccctcggtcctgggggggaaacaccgataaactcatcttt",NA,"gctcttggaccactaggatcccctcggtcctgggggggaaacaccgataaactcatc","ALGPLGSPRSWGGNTDKLI","CALGPLGSPRSWGGNTDKLIF",NA
"12",2,"D-A1_B08.seq","productive","Homsap TRDV1*01 F",100,"Homsap TRDJ1*01 F","95.92","Homsap TRDD2*01 F and Homsap TRDD3*01 F","in-frame","productive","Homsap TRDV1*01 F","Homsap TRDJ1*01 F","Homsap TRDD2*01 F and Homsap TRDD3*01 F","in-frame","tgtgctcttggggcttcattcctactgtctgggggatacctccgtaccgataaactcatcttt",NA,"gctcttggggcttcattcctactgtctgggggatacctccgtaccgataaactcatc","ALGASFLLSGGYLRTDKLI","CALGASFLLSGGYLRTDKLIF",NA
"13",20,"D-D1_A11.seq","unproductive (see comment)","Homsap TRDV1*01 F (see comment)",74.1379318237305,"Homsap TRDJ2*01 F","100.00","Homsap TRDD1*01 F and Homsap TRDD2*01 F and Homsap TRDD3*01 F","in-frame","unproductive","Homsap TRDV1*01 F","Homsap TRDJ2*01 F","Homsap TRDD1*01 F and Homsap TRDD2*01 F and Homsap TRDD3*01 F","in-frame","tgtgctcttggtccaaagaaacttcccaggccgcactggggtcgggctttgacagcacaactcttcttt",NA,"gctcttggtccaaagaaacttcccaggccgcactggggtcgggctttgacagcacaactcttc","ALGPKKLPRPHWGRALTAQLF","CALGPKKLPRPHWGRALTAQLFF",NA
"14",21,"D-D4_B11.seq","unproductive (see comment)","Homsap TRDV1*01 F (see comment)",82.4120559692383,"Homsap TRDJ1*01 F","91.84","Homsap TRDD2*01 F and Homsap TRDD3*01 F","in-frame","unproductive","Homsap TRDV1*01 F","Homsap TRDJ1*01 F","Homsap TRDD2*01 F and Homsap TRDD3*01 F","in-frame","tgtgctcttggggaactagttttccagaggtactgggggatacaaggggggggcgataaactcatcttt",NA,"gctcttggggaactagttttccagaggtactgggggatacaaggggggggcgataaactcatc","ALGELVFQRYWGIQGGGDKLI","CALGELVFQRYWGIQGGGDKLIF",NA
"15",22,"D-D5_C11.seq","unproductive (see comment)","Homsap TRDV1*01 F (see comment)",76.8240356445312,"Homsap TRDJ1*01 F","100.00","Homsap TRDD3*01 F","in-frame","unproductive","Homsap TRDV1*01 F","Homsap TRDJ1*01 F","Homsap TRDD3*01 F","in-frame","tgtgctcttggggaactaaccggtcattttactcggatcaacaccgataaactcatcttt",NA,"gctcttggggaactaaccggtcattttactcggatcaacaccgataaactcatc","ALGELTGHFTRINTDKLI","CALGELTGHFTRINTDKLIF",NA
"16",23,"D-D6_D11.seq","unproductive (see comment)","Homsap TRDV1*01 F (see comment)",83,"Homsap TRDJ1*01 F","97.96","Homsap TRDD2*01 F and Homsap TRDD3*01 F","in-frame","unproductive","Homsap TRDV1*01 F","Homsap TRDJ1*01 F","Homsap TRDD2*01 F and Homsap TRDD3*01 F","in-frame","tgtgctcttgggcttcgctccatactgggggataccgataaactcatcttt",NA,"gctcttgggcttcgctccatactgggggataccgataaactcatc","ALGLRSILGDTDKLI","CALGLRSILGDTDKLIF",NA
"17",24,"D-D8_F11.seq","unproductive (see comment)","Homsap TRDV1*01 F (see comment)",82.8282852172852,"Homsap TRDJ1*01 F","97.87","Homsap TRDD2*01 F and Homsap TRDD3*01 F","in-frame","unproductive","Homsap TRDV1*01 F","Homsap TRDJ1*01 F","Homsap TRDD2*01 F and Homsap TRDD3*01 F","in-frame","tgtgctcttgggcttcgctccatactgggggataccgataaactcatcttt",NA,"gctcttgggcttcgctccatactgggggataccgataaactcatc","ALGLRSILGDTDKLI","CALGLRSILGDTDKLIF",NA
"18",25,"D-D9_G11.seq","unproductive (see comment)","Homsap TRDV1*01 F (see comment)",75,"Homsap TRDJ1*01 F","94.00","Homsap TRDD2*01 F and Homsap TRDD3*01 F","in-frame","unproductive","Homsap TRDV1*01 F","Homsap TRDJ1*01 F","Homsap TRDD2*01 F and Homsap TRDD3*01 F","in-frame","tgtgctcttggttcaccttccgtactgggggatacccttaaactcatcttt",NA,"gctcttggttcaccttccgtactgggggatacccttaaactcatc","ALGSPSVLGDTLKLI","CALGSPSVLGDTLKLIF",NA
"19",26,"D-E1_H11.seq","productive","Homsap TRDV1*01 F",100,"Homsap TRDJ1*01 F","100.00","Homsap TRDD3*01 F","in-frame","productive","Homsap TRDV1*01 F","Homsap TRDJ1*01 F","Homsap TRDD3*01 F","in-frame","tgtgctcttggggaactccgcgaaggatggtacgccaagtacaccgataaactcatcttt",NA,"gctcttggggaactccgcgaaggatggtacgccaagtacaccgataaactcatc","ALGELREGWYAKYTDKLI","CALGELREGWYAKYTDKLIF",NA
"20",27,"D-E2_A12.seq","unproductive (see comment)","Homsap TRDV1*01 F (see comment)",80.5970153808594,"Homsap TRDJ1*01 F (see comment)","62.75",NA,"in-frame","unproductive","Homsap TRDV1*01 F","Homsap TRDJ1*01 F",NA,NA,NA,NA,NA,NA,NA,NA
"21",28,"D-E2_A12rescued.seq","unproductive (see comment)","Homsap TRDV1*01 F (see comment)",80.5970153808594,"Homsap TRDJ1*01 F (see comment)","64.71",NA,"out-of-frame","unproductive","Homsap TRDV1*01 F","Homsap TRDJ1*01 F",NA,NA,NA,NA,NA,NA,NA,NA
"22",29,"D-E6_C12.seq","unproductive (see comment)","Homsap TRDV1*01 F (see comment)",83.4170913696289,"Homsap TRDJ1*01 F","94.00","Homsap TRDD2*01 F and Homsap TRDD3*01 F","in-frame","unproductive","Homsap TRDV1*01 F","Homsap TRDJ1*01 F","Homsap TRDD2*01 F and Homsap TRDD3*01 F","in-frame","tgtgctcttggttcaccttccgtactgggggatacccttaaactcatcttt",NA,"gctcttggttcaccttccgtactgggggatacccttaaactcatc","ALGSPSVLGDTLKLI","CALGSPSVLGDTLKLIF",NA
"23",3,"D-A2_C08.seq","productive","Homsap TRDV1*01 F (see comment)",75.5364837646484,"Homsap TRDJ1*01 F","93.02","Homsap TRDD2*01 F and Homsap TRDD3*01 F","in-frame","productive","Homsap TRDV1*01 F","Homsap TRDJ1*01 F","Homsap TRDD2*01 F and Homsap TRDD3*01 F","in-frame","tgtgctcttggttcaccttccgtactgggggatacccttaaactcatcttt",NA,"gctcttggttcaccttccgtactgggggatacccttaaactcatc","ALGSPSVLGDTLKLI","CALGSPSVLGDTLKLIF",NA
"24",30,"D-E7_D12.seq","unproductive (see comment)","Homsap TRDV1*01 F",85.7868041992188,"Homsap TRAJ49*01 F (see comment)","60.87",NA,NA,"unproductive","Homsap TRDV1*01 F","Homsap TRAJ49*01 F",NA,NA,NA,NA,NA,NA,NA,NA
"25",31,"D-E7_D12rescued.seq","rearranged sequence (but no junction found) (see comment)","Homsap TRDV1*01 F",85.7868041992188,"Homsap TRAJ49*01 F (see comment)","60.87",NA,NA,"rearranged sequence (but no junction found)","Homsap TRDV1*01 F","Homsap TRAJ49*01 F",NA,NA,NA,NA,NA,NA,NA,NA
"26",32,"D-E8_E12.seq","unproductive (see comment)","Homsap TRDV1*01 F (see comment)",81.592041015625,"Homsap TRDJ3*01 F","67.35","Homsap TRDD3*01 F","in-frame","unproductive","Homsap TRDV1*01 F","Homsap TRDJ3*01 F","Homsap TRDD3*01 F","in-frame","tgtgctcttggggaactccatcgtactctggcctgggacacccgacagatgtttttc",NA,"gctcttggggaactccatcgtactctggcctgggacacccgacagatgttt","ALGELHRTLAWDTRQMF","CALGELHRTLAWDTRQMFF",NA
"27",33,"D-E9_F12.seq","No rearrangement found","Homsap TRDV1*01 F",85.0746307373047,NA,NA,NA,NA,"No rearrangement found","Homsap TRDV1*01 F",NA,NA,NA,NA,NA,NA,NA,NA,NA
"28",34,"D-F10_F01.seq","productive","Homsap TRDV1*01 F (see comment)",82.8282852172852,"Homsap TRDJ1*01 F","93.62","Homsap TRDD3*01 F","in-frame","productive","Homsap TRDV1*01 F","Homsap TRDJ1*01 F","Homsap TRDD3*01 F","in-frame","tgtgctcttggggaactaactcgctgggggcgctacgataaactcatcttt",NA,"gctcttggggaactaactcgctgggggcgctacgataaactcatc","ALGELTRWGRYDKLI","CALGELTRWGRYDKLIF",NA
"29",35,"D-F1_G12.seq","unproductive (see comment)","Homsap TRDV1*01 F (see comment)",84,"Homsap TRDJ1*01 F","96.00","Homsap TRDD3*01 F","in-frame","unproductive","Homsap TRDV1*01 F","Homsap TRDJ1*01 F","Homsap TRDD3*01 F","in-frame","tgtgctcttggggaacccaggggaatcctgggggcgccgtcgaccgataaactcatcttt",NA,"gctcttggggaacccaggggaatcctgggggcgccgtcgaccgataaactcatc","ALGEPRGILGAPSTDKLI","CALGEPRGILGAPSTDKLIF",NA
"30",36,"D-F2_H12.seq","productive","Homsap TRDV1*01 F (see comment)",84.5771102905273,"Homsap TRDJ1*01 F","100.00","Homsap TRDD3*01 F","in-frame","productive","Homsap TRDV1*01 F","Homsap TRDJ1*01 F","Homsap TRDD3*01 F","in-frame","tgtgctcttgggggtccccatcgcgtcgctgggggaaacaccgataaactcatcttt",NA,"gctcttgggggtccccatcgcgtcgctgggggaaacaccgataaactcatc","ALGGPHRVAGGNTDKLI","CALGGPHRVAGGNTDKLIF",NA
"31",37,"D-F4_A01.seq","unproductive (see comment)","Homsap TRDV1*01 F (see comment)",82.3232345581055,"Homsap TRDJ1*01 F","95.56","Homsap TRDD2*01 F and Homsap TRDD3*01 F","in-frame","unproductive","Homsap TRDV1*01 F","Homsap TRDJ1*01 F","Homsap TRDD2*01 F and Homsap TRDD3*01 F","in-frame","tgtgctcttggggacaaattcctgtactgggggatacaaatcgataaactcatcttt",NA,"gctcttggggacaaattcctgtactgggggatacaaatcgataaactcatc","ALGDKFLYWGIQIDKLI","CALGDKFLYWGIQIDKLIF",NA
"32",38,"D-F5_B01.seq","productive","Homsap TRDV1*01 F (see comment)",83.75634765625,"Homsap TRDJ1*01 F","92.86","Homsap TRDD2*01 F and Homsap TRDD3*01 F","in-frame","productive","Homsap TRDV1*01 F","Homsap TRDJ1*01 F","Homsap TRDD2*01 F and Homsap TRDD3*01 F","in-frame","tgtgctcttggttcaccttccgtactgggggatacccttaaactcatcttt",NA,"gctcttggttcaccttccgtactgggggatacccttaaactcatc","ALGSPSVLGDTLKLI","CALGSPSVLGDTLKLIF",NA
"33",39,"D-F6_C01.seq","productive","Homsap TRDV1*01 F",86.2944183349609,"Homsap TRDJ1*01 F","90.70","Homsap TRDD2*01 F","in-frame","productive","Homsap TRDV1*01 F","Homsap TRDJ1*01 F","Homsap TRDD2*01 F","in-frame","tgtgctcttggggaatcccccgaattcctacgcgataaactcatcttt",NA,"gctcttggggaatcccccgaattcctacgcgataaactcatc","ALGESPEFLRDKLI","CALGESPEFLRDKLIF",NA
"34",4,"D-A4_D08.seq","unproductive (see comment)","Homsap TRDV1*01 F (see comment)",83,"Homsap TRDJ1*01 F","67.39",NA,"out-of-frame","unproductive","Homsap TRDV1*01 F","Homsap TRDJ1*01 F",NA,NA,NA,NA,NA,NA,NA,NA
"35",40,"D-F7_D01.seq","productive","Homsap TRDV1*01 F (see comment)",81.5,"Homsap TRDJ1*01 F","100.00","Homsap TRDD2*01 F and Homsap TRDD3*01 F","in-frame","productive","Homsap TRDV1*01 F","Homsap TRDJ1*01 F","Homsap TRDD2*01 F and Homsap TRDD3*01 F","in-frame","tgtgctcttggggaaaggttcctaccctctcctttactgggggggtacaccgataaactcatcttt",NA,"gctcttggggaaaggttcctaccctctcctttactgggggggtacaccgataaactcatc","ALGERFLPSPLLGGYTDKLI","CALGERFLPSPLLGGYTDKLIF",NA
"36",41,"D-F9_E01.seq","unproductive (see comment)","Homsap TRDV1*01 F (see comment)",82.5,"Homsap TRDJ1*01 F","66.67","Homsap TRDD1*01 F and Homsap TRDD3*01 F","in-frame","unproductive","Homsap TRDV1*01 F","Homsap TRDJ1*01 F","Homsap TRDD1*01 F and Homsap TRDD3*01 F","in-frame","tgtgctcttggggaactacccccatcgtatagcccgtttgttgggggaagacccaccgataaactcatcttt",NA,"gctcttggggaactacccccatcgtatagcccgtttgttgggggaagacccaccgataaactcatc","ALGELPPSYSPFVGGRPTDKLI","CALGELPPSYSPFVGGRPTDKLIF",NA
"37",42,"D-G7_B03.seq","productive","Homsap TRDV1*01 F",100,"Homsap TRDJ2*01 F","97.83","Homsap TRDD2*01 F and Homsap TRDD3*01 F","in-frame","productive","Homsap TRDV1*01 F","Homsap TRDJ2*01 F","Homsap TRDD2*01 F and Homsap TRDD3*01 F","in-frame","tgtgctcttggggaaatcgggacgccttccttcatgatgggggataggcttttgacagcacaactcttcttt",NA,"gctcttggggaaatcgggacgccttccttcatgatgggggataggcttttgacagcacaactcttc","ALGEIGTPSFMMGDRLLTAQLF","CALGEIGTPSFMMGDRLLTAQLFF",NA
"38",43,"D-G8_C03.seq","unproductive (see comment)","Homsap TRDV1*01 F (see comment)",84.4221115112305,"Homsap TRDJ4*01 F","97.56","Homsap TRDD3*01 F","in-frame","unproductive","Homsap TRDV1*01 F","Homsap TRDJ4*01 F","Homsap TRDD3*01 F","in-frame","tgtgctcttggggtacgagggggactcagacccctgatcttt",NA,"gctcttggggtacgagggggactcagacccctgatc","ALGVRGGLRPLI","CALGVRGGLRPLIF",NA
"39",44,"D-H10_C05.seq","productive","Homsap TRDV1*01 F",100,"Homsap TRDJ1*01 F","95.00","Homsap TRDD2*01 F and Homsap TRDD3*01 F","in-frame","productive","Homsap TRDV1*01 F","Homsap TRDJ1*01 F","Homsap TRDD2*01 F and Homsap TRDD3*01 F","in-frame","tgtgctcttggggaatcgtggaggctccttcctacccgttactgggccatcgataaactcatcttt",NA,"gctcttggggaatcgtggaggctccttcctacccgttactgggccatcgataaactcatc","ALGESWRLLPTRYWAIDKLI","CALGESWRLLPTRYWAIDKLIF",NA
"40",45,"D-H3_E03.seq","productive","Homsap TRDV1*01 F",100,"Homsap TRDJ1*01 F","70.83","Homsap TRDD2*01 F and Homsap TRDD3*01 F","in-frame","productive","Homsap TRDV1*01 F","Homsap TRDJ1*01 F","Homsap TRDD2*01 F and Homsap TRDD3*01 F","in-frame","tgtgctcttggggaaaaacggggattgggtccccccttccccaactgggggagttcctacaccgataaactcatcttt",NA,"gctcttggggaaaaacggggattgggtccccccttccccaactgggggagttcctacaccgataaactcatc","ALGEKRGLGPPFPNWGSSYTDKLI","CALGEKRGLGPPFPNWGSSYTDKLIF",NA
"41",46,"D-H5_F03.seq","unproductive (see comment)","Homsap TRDV1*01 F (see comment)",76.4192199707031,"Homsap TRDJ1*01 F","88.64","Homsap TRDD3*01 F","in-frame","unproductive","Homsap TRDV1*01 F","Homsap TRDJ1*01 F","Homsap TRDD3*01 F","in-frame","tgtgctcttgggccccggggcaaggcgagtaaactcatcttt",NA,"gctcttgggccccggggcaaggcgagtaaactcatc","ALGPRGKASKLI","CALGPRGKASKLIF",NA
"42",47,"D-H6_G03.seq","unproductive (see comment)","Homsap TRDV1*01 F (see comment)",82.5,"Homsap TRDJ1*01 F","93.02","Homsap TRDD3*01 F","out-of-frame","unproductive","Homsap TRDV1*01 F","Homsap TRDJ1*01 F","Homsap TRDD3*01 F","out-of-frame","tgtgctcttggggaactaactcgcgggggcgctacgataaactcatcttt","tgtgctcttggggaactaactcgcgggggcgcta.cgataaactcatcttt","gctcttggggaactaactcgcgggggcgctacgataaactcatc","ALGELTRGGATINS","CALGELTRGGATINSS","CALGELTRGGA#DKLIF"
"43",48,"D-H6_G03rescued.seq","unproductive (see comment)","Homsap TRDV1*01 F (see comment)",82.5,"Homsap TRDJ1*01 F","93.02","Homsap TRDD3*01 F","in-frame","unproductive","Homsap TRDV1*01 F","Homsap TRDJ1*01 F","Homsap TRDD3*01 F","in-frame","tgtgctcttggggaactaactcgctgggggcgctacgataaactcatcttt",NA,"gctcttggggaactaactcgctgggggcgctacgataaactcatc","ALGELTRWGRYDKLI","CALGELTRWGRYDKLIF",NA
"44",49,"D-H8_H03.seq","unproductive (see comment)","Homsap TRDV1*01 F (see comment)",73.3905563354492,"Homsap TRDJ1*01 F","100.00","Homsap TRDD3*01 F","in-frame","unproductive","Homsap TRDV1*01 F","Homsap TRDJ1*01 F","Homsap TRDD3*01 F","in-frame","tgtgctcttggggaaatcggccctctttcctactgggggataccgtacaccgataaactcatcttt",NA,"gctcttggggaaatcggccctctttcctactgggggataccgtacaccgataaactcatc","ALGEIGPLSYWGIPYTDKLI","CALGEIGPLSYWGIPYTDKLIF",NA
"45",5,"D-A4_D08rescued.seq","productive (see comment)","Homsap TRDV1*01 F (see comment)",83,"Homsap TRDJ1*01 F","93.48",NA,"in-frame","productive","Homsap TRDV1*01 F","Homsap TRDJ1*01 F",NA,NA,NA,NA,NA,NA,NA,NA
"46",50,"D-H9_A05.seq","productive","Homsap TRDV1*01 F",100,"Homsap TRDJ1*01 F","90.70","Homsap TRDD2*01 F and Homsap TRDD3*01 F","in-frame","productive","Homsap TRDV1*01 F","Homsap TRDJ1*01 F","Homsap TRDD2*01 F and Homsap TRDD3*01 F","in-frame","tgtgctcttggggaactagttttccagaggtactgggggatacaaggggggggcgataaactcatcttt",NA,"gctcttggggaactagttttccagaggtactgggggatacaaggggggggcgataaactcatc","ALGELVFQRYWGIQGGGDKLI","CALGELVFQRYWGIQGGGDKLIF",NA
"47",6,"D-A5_E08.seq","unproductive (see comment)","Homsap TRDV1*01 F (see comment)",80.7106628417969,"Homsap TRDJ1*01 F","97.78","Homsap TRDD3*01 F","in-frame","unproductive","Homsap TRDV1*01 F","Homsap TRDJ1*01 F","Homsap TRDD3*01 F","in-frame","tgtgctcttggggaacctcccctcgcactgggggataccgataaactcatcttt",NA,"gctcttggggaacctcccctcgcactgggggataccgataaactcatc","ALGEPPLALGDTDKLI","CALGEPPLALGDTDKLIF",NA
"48",7,"D-A6_F08.seq","unproductive (see comment)","Homsap TRDV1*01 F (see comment)",82.4120559692383,"Homsap TRDJ1*01 F","100.00","Homsap TRDD2*01 F","in-frame","unproductive","Homsap TRDV1*01 F","Homsap TRDJ1*01 F","Homsap TRDD2*01 F","in-frame","tgtgctcttggggaaaggggtgggtcctggacggccaggtacaccgataaactcatcttt",NA,"gctcttggggaaaggggtgggtcctggacggccaggtacaccgataaactcatc","ALGERGGSWTARYTDKLI","CALGERGGSWTARYTDKLIF",NA
"49",8,"D-A9_H08.seq","productive","Homsap TRDV1*01 F (see comment)",82.8282852172852,"Homsap TRDJ1*01 F","100.00","Homsap TRDD2*01 F and Homsap TRDD3*01 F","in-frame","productive","Homsap TRDV1*01 F","Homsap TRDJ1*01 F","Homsap TRDD2*01 F and Homsap TRDD3*01 F","in-frame","tgtgctcttggggggcctccctctggaccttcactgggggcattccgttcgtacaccgataaactcatcttt",NA,"gctcttggggggcctccctctggaccttcactgggggcattccgttcgtacaccgataaactcatc","ALGGPPSGPSLGAFRSYTDKLI","CALGGPPSGPSLGAFRSYTDKLIF",NA
"50",9,"D-B10_A10.seq","unproductive (see comment)","Homsap TRDV1*01 F (see comment)",73.6170196533203,"Homsap TRDJ1*01 F","95.83","Homsap TRDD1*01 F and Homsap TRDD3*01 F","in-frame","unproductive","Homsap TRDV1*01 F","Homsap TRDJ1*01 F","Homsap TRDD1*01 F and Homsap TRDD3*01 F","in-frame","tgtgctcttgggacaaatcctggtaagagcgcctgggggatacgtcgtaccgataaactcatcttt",NA,"gctcttgggacaaatcctggtaagagcgcctgggggatacgtcgtaccgataaactcatc","ALGTNPGKSAWGIRRTDKLI","CALGTNPGKSAWGIRRTDKLIF",NA
