"","clone","cloneCount","chain.x","ID.x","bestVHit.x","bestDHit.x","bestJHit.x","bestCHit.x","nSeqCDR3.x","aaSeqCDR3.x","aaImputedCDR1.x","aaImputedCDR2.x","chain.y","ID.y","bestVHit.y","bestDHit.y","bestJHit.y","bestCHit.y","nSeqCDR3.y","aaSeqCDR3.y","aaImputedCDR1.y","aaImputedCDR2.y"
"1","A9",1,"D","A9_D05rescued.seq","TRDV1","TRDD2","TRDJ1","TRDC","TGTGCTCTTGGGGAACACCCCCTATCCGCGAAGGGGGGGACCGATAAACTCATCTTT","CALGEHPLSAKGGTDKLIF","qgs","tswwsyy","G","A9_A01rescuedG1.seq","TRGV4","No_TRDD","TRGJ2","TRGC2","TGTGCCACCTGGGCAAAGGAATATTATAAGAAACTCTTT","CATWAKEYYKKLF","ydsytssv","egstgy"
"2","B10",1,"D","B10_F05.seq","TRDV1","TRDD2","TRDJ1","TRDC","TGTGCTCTTGGGGGTTTTCCTACGGCTGGGGTCTACGACACCGATAAACTCATCTTT","CALGGFPTAGVYDTDKLIF","qgs","tswwsyy","G","B10_C01.seq","TRGV4","No_TRDD","TRGJ2","TRGC2","TGTGCCACCAGGGGTTATTATAAGAAACTCTTT","CATRGYYKKLF","ydsytssv","egstgy"
"3","C1",1,"D","C1_G05.seq","TRDV1","TRDD3","TRDJ1","TRDC","TGTGCTCTTGGGGAACTCTACCCAGGGGGATACGTATGGGGTAAACTCATCTTT","CALGELYPGGYVWGKLIF","qgs","tswwsyy","G","C1_D01.seq","TRGV9","No_TRDD","TRGJ2","TRGC2","TGTGCCTTGTGGGAGGGCCCGAATTATTATAAGAAACTCTTT","CALWEGPNYYKKLF","isydgtv","gitisats"
"4","C10",1,"D","C10_A07.seq","TRDV1","TRDD3","TRDJ1","TRDC","TGTGCTCTTGGGGAACTAGTAGTGAGAAGGACGGGACTGGGGGATACGACTCTACCGCTCTGGTACACCGATAAACTCATCTTT","CALGELVVRRTGLGDTTLPLWYTDKLIF","qgs","tswwsyy","G","C10_F01.seq","TRGV8","No_TRDD","TRGJ2","TRGC2","TGTGCCACCTGGGATAGTCGGATTAATAAGAAACTCTTT","CATWDSRINKKLF","ydsynsrv","venavy"
"5","C5",1,"D","C5_H05.seq","TRDV1","TRDD3","TRDJ1","TRDC","TGTGCTCTTGGGGAACTAGTAGTGAGAAGGACGGGACTGGGGGATACGACTCTACCGCTCTGGTACACCGATAAACTCATCTTT","CALGELVVRRTGLGDTTLPLWYTDKLIF","qgs","tswwsyy","G","C5_E01.seq","TRGV8","No_TRDD","TRGJP2","TRGC2","TGTGCCACCTGGGATAAGAGTAGTGATTGGATCAAGACGTTT","CATWDKSSDWIKTF","ydsynsrv","venavy"
"6","D5",1,"D","D5_B07.seq","TRDV1","TRDD3","TRDJ1","TRDC","TGTGCTCTTGGGGAACTAGTAGTGAGAAGGACGGGACTGGGGGATACGACTCTACCGCTCTGGTACACCGATAAACTCATCTTT","CALGELVVRRTGLGDTTLPLWYTDKLIF","qgs","tswwsyy","G","D5_G01.seq","TRGV8","No_TRDD","TRGJ2","TRGC2","TGTGCCACCTGGGATAGTCGGATTAATAAGAAACTCTTT","CATWDSRINKKLF","ydsynsrv","venavy"
"7","D6",1,"D","D6_C07.seq","TRDV1","TRDD3","TRDJ1","TRDC","TGTGCTCTTGGGGAACTAGTAGTGAGAAGGACGGGACTGGGGGATACGACTCTACCGCTCTGGTACACCGATAAACTCATCTTT","CALGELVVRRTGLGDTTLPLWYTDKLIF","qgs","tswwsyy","G","D6_H01.seq","TRGV8","No_TRDD","TRGJ2","TRGC2","TGTGCCACCTGGGATAGTCGGATTAATAAGAAACTCTTT","CATWDSRINKKLF","ydsynsrv","venavy"
"8","D9",1,"D","D9_D07.seq","TRDV1","TRDD3","TRDJ1","TRDC","TGTGCTCTTGGGGAAAAACGGGGATTGGGTCCCCCCTTCCCCAACTGGGGGAGTTCCTACACCGATAAACTCATCTTT","CALGEKRGLGPPFPNWGSSYTDKLIF","qgs","tswwsyy","G","D9_A03rescued.seq","TRGV5","No_TRDD","TRGJ2","TRGC2","TGTGCCACCACCCGGAGGGGTTTTAAGAAACTCTTT","CATTRRGFKKLF","ydsytssv","egstgy"
"9","E10",1,"D","E10_G07.seq","TRDV1","TRDD3","TRDJ1","TRDC","TGTGCTCTTGGGGAAAGACCTACCCGGGGGATACAATGCACCGATAAACTCATCTTT","CALGERPTRGIQCTDKLIF","qgs","tswwsyy","G","E10_D03.seq","TRGV4","No_TRDD","TRGJ2","TRGC2","TGTGCCACCTGGGACGGGCAGGGTTATTATAAGAAACTCTTT","CATWDGQGYYKKLF","ydsytssv","egstgy"
"10","E6",1,"D","E6_F07.seq","TRDV1","TRDD2","TRDJ1","TRDC","TGTGCTCTTGGGGAATACTTCCCGGCCTTCCTACGGCTGGGGGATATCGGCAACCTGTACACCGATAAACTCATCTTT","CALGEYFPAFLRLGDIGNLYTDKLIF","qgs","tswwsyy","G","E6_C03.seq","TRGV4","No_TRDD","TRGJP2","TRGC1","TGTGCCACCGGGGATTGTAGTGATTGGATCAAGACGTTT","CATGDCSDWIKTF","ydsytssv","egstgy"
"11","F9",1,"D","F9_H07.seq","TRDV1","TRDD3","TRDJ1","TRDC","TGTGCTCTTGGGGAACTAGTAGTGAGAAGGACGGGACTGGGGGATACGACTCTACCGCTCTGGTACACCGATAAACTCATCTTT","CALGELVVRRTGLGDTTLPLWYTDKLIF","qgs","tswwsyy","G","F9_E03.seq","TRGV8","No_TRDD","TRGJP2","TRGC2","TGTGCCACCTGGGATAAGAGTAGTGATTGGATCAAGACGTTT","CATWDKSSDWIKTF","ydsynsrv","venavy"
"12","G1",1,"D","G1_A09.seq","TRDV1","TRDD2","TRDJ1","TRDC","TGTGCTCTTGGGGGTTTTCCTACGGCTGGGGTCTACGACACCGATAAACTCATCTTT","CALGGFPTAGVYDTDKLIF","qgs","tswwsyy","G","G1_F03.seq","TRGV4","No_TRDD","TRGJ2","TRGC2","TGTGCCACCTGGGGGGGCTTTAAGAAACTCTTT","CATWGGFKKLF","ydsytssv","egstgy"
"13","H1",1,"D","H1_C09.seq","TRDV1","TRDD3","TRDJ1","TRDC","TGTGCTCTTGGGGAACTAGTAGTGAGAAGGACGGGACTGGGGGATACGACTCTACCGCTCTGGTACACCGATAAACTCATCTTT","CALGELVVRRTGLGDTTLPLWYTDKLIF","qgs","tswwsyy","G","H1_H03.seq","TRGV8","No_TRDD","TRGJ2","TRGC2","TGTGCCACCTGGGATAGTCGGATTAATAAGAAACTCTTT","CATWDSRINKKLF","ydsynsrv","venavy"
"14","H4",1,"D","H4_E09.seq","TRDV1","TRDD2","TRDJ1","TRDC","TGTGCTCTTGGGGACGGTGAGGCCCTCCGCTGGGATAGTACTGATAAACTCATCTTT","CALGDGEALRWDSTDKLIF","qgs","tswwsyy","G","H4_C05.seq","TRGV3","No_TRDD","TRGJP2","TRGC2","TGTGCCACCTGGGACAGGCGGGTGCGGATCAAGACGTTT","CATWDRRVRIKTF","ydvsnskd","vinafy"
